Datetime,Water Level (m)
2025-11-07 12:00:00,-0.6661661
2025-11-07 13:00:00,-0.066417456
2025-11-07 14:00:00,0.60086817
2025-11-07 15:00:00,1.2048494
2025-11-07 16:00:00,1.5721275
2025-11-07 17:00:00,1.5416706
2025-11-07 18:00:00,1.0847585
2025-11-07 19:00:00,0.48574594
2025-11-07 20:00:00,-0.06893655
2025-11-07 21:00:00,-0.5401768
2025-11-07 22:00:00,-0.92272604
2025-11-07 23:00:00,-1.0861341
2025-11-08 00:00:00,-0.8650315
2025-11-08 01:00:00,-0.34578487
2025-11-08 02:00:00,0.2060947
2025-11-08 03:00:00,0.6858422
2025-11-08 04:00:00,0.97822183
2025-11-08 05:00:00,0.9959406
2025-11-08 06:00:00,0.7223639
2025-11-08 07:00:00,0.2832177
2025-11-08 08:00:00,-0.18631528
2025-11-08 09:00:00,-0.6082559
2025-11-08 10:00:00,-0.9478225
2025-11-08 11:00:00,-1.1289847
2025-11-08 12:00:00,-0.96164685
2025-11-08 13:00:00,-0.42016652
2025-11-08 14:00:00,0.19520737
2025-11-08 15:00:00,0.7872996
2025-11-08 16:00:00,1.2489179
2025-11-08 17:00:00,1.4575503
2025-11-08 18:00:00,1.2726785
2025-11-08 19:00:00,0.80710554
2025-11-08 20:00:00,0.3355829
2025-11-08 21:00:00,-0.1078446
2025-11-08 22:00:00,-0.5388257
2025-11-08 23:00:00,-0.88336456
2025-11-09 00:00:00,-0.9803975
2025-11-09 01:00:00,-0.7239941
2025-11-09 02:00:00,-0.23429848
2025-11-09 03:00:00,0.2618059
2025-11-09 04:00:00,0.65382165
2025-11-09 05:00:00,0.8478402
2025-11-09 06:00:00,0.7999557
2025-11-09 07:00:00,0.5157171
2025-11-09 08:00:00,0.12514788
2025-11-09 09:00:00,-0.25603387
2025-11-09 10:00:00,-0.57484657
2025-11-09 11:00:00,-0.8504895
2025-11-09 12:00:00,-0.9617188
2025-11-09 13:00:00,-0.71365607
2025-11-09 14:00:00,-0.22264294
2025-11-09 15:00:00,0.30518785
2025-11-09 16:00:00,0.79932415
2025-11-09 17:00:00,1.1539294
2025-11-09 18:00:00,1.2501612
2025-11-09 19:00:00,1.0399734
2025-11-09 20:00:00,0.6405841
2025-11-09 21:00:00,0.2251344
2025-11-09 22:00:00,-0.16842137
2025-11-09 23:00:00,-0.5220638
2025-11-10 00:00:00,-0.77614
2025-11-10 01:00:00,-0.8222022
2025-11-10 02:00:00,-0.5786054
2025-11-10 03:00:00,-0.16512345
2025-11-10 04:00:00,0.21205166
2025-11-10 05:00:00,0.51235014
2025-11-10 06:00:00,0.67517823
2025-11-10 07:00:00,0.63884306
2025-11-10 08:00:00,0.38785854
2025-11-10 09:00:00,0.066412
2025-11-10 10:00:00,-0.2247784
2025-11-10 11:00:00,-0.48768693
2025-11-10 12:00:00,-0.70595264
2025-11-10 13:00:00,-0.74053514
2025-11-10 14:00:00,-0.49162322
2025-11-10 15:00:00,-0.0924719
2025-11-10 16:00:00,0.32116276
2025-11-10 17:00:00,0.70704013
2025-11-10 18:00:00,0.9568452
2025-11-10 19:00:00,1.001779
2025-11-10 20:00:00,0.8421571
2025-11-10 21:00:00,0.5116703
2025-11-10 22:00:00,0.15503694
2025-11-10 23:00:00,-0.1654221
2025-11-11 00:00:00,-0.44328994
2025-11-11 01:00:00,-0.6576891
2025-11-11 02:00:00,-0.69986427
2025-11-11 03:00:00,-0.50141364
2025-11-11 04:00:00,-0.16902873
2025-11-11 05:00:00,0.13681136
2025-11-11 06:00:00,0.3912834
2025-11-11 07:00:00,0.5290655
2025-11-11 08:00:00,0.5009291
2025-11-11 09:00:00,0.32754394
2025-11-11 10:00:00,0.10801781
2025-11-11 11:00:00,-0.13304697
2025-11-11 12:00:00,-0.36304685
2025-11-11 13:00:00,-0.5273175
2025-11-11 14:00:00,-0.5443389
2025-11-11 15:00:00,-0.36248395
2025-11-11 16:00:00,-0.05714512
2025-11-11 17:00:00,0.26141506
2025-11-11 18:00:00,0.5445755
2025-11-11 19:00:00,0.7399167
2025-11-11 20:00:00,0.8072048
2025-11-11 21:00:00,0.69239473
2025-11-11 22:00:00,0.41653886
2025-11-11 23:00:00,0.15087177
2025-11-12 00:00:00,-0.09992266
2025-11-12 01:00:00,-0.35959122
2025-11-12 02:00:00,-0.5726614
2025-11-12 03:00:00,-0.62674224
2025-11-12 04:00:00,-0.48812032
2025-11-12 05:00:00,-0.23283036
2025-11-12 06:00:00,0.030291613
2025-11-12 07:00:00,0.26481134
2025-11-12 08:00:00,0.40168118
2025-11-12 09:00:00,0.4352794
2025-11-12 10:00:00,0.37468
2025-11-12 11:00:00,0.1939053
2025-11-12 12:00:00,-0.024908738
2025-11-12 13:00:00,-0.22089007
2025-11-12 14:00:00,-0.38151437
2025-11-12 15:00:00,-0.4431037
2025-11-12 16:00:00,-0.32124767
2025-11-12 17:00:00,-0.08999126
2025-11-12 18:00:00,0.13429263
2025-11-12 19:00:00,0.36585605
2025-11-12 20:00:00,0.56444603
2025-11-12 21:00:00,0.64585036
2025-11-12 22:00:00,0.5758581
2025-11-12 23:00:00,0.41242573
2025-11-13 00:00:00,0.20734231
2025-11-13 01:00:00,-0.042782497
2025-11-13 02:00:00,-0.3171311
2025-11-13 03:00:00,-0.53176296
2025-11-13 04:00:00,-0.6185174
2025-11-13 05:00:00,-0.5426169
2025-11-13 06:00:00,-0.31127846
2025-11-13 07:00:00,-0.038177453
2025-11-13 08:00:00,0.20578912
2025-11-13 09:00:00,0.38972223
2025-11-13 10:00:00,0.48823375
2025-11-13 11:00:00,0.44999078
2025-11-13 12:00:00,0.2987804
